n_glyco,m_formal,time,total_iterations,total_graphs,total_non_iso,total_iso_checks
1,1,0.005072,2,9,2,13
1,1,0.004985,2,9,2,13
1,1,0.004886,2,9,2,13
1,1,0.004881,2,9,2,13
1,1,0.004933,2,9,2,13
1,1,0.005034,2,9,2,13
1,1,0.004897,2,9,2,13
1,1,0.00488,2,9,2,13
1,1,0.005024,2,9,2,13
1,1,0.00486,2,9,2,13
1,1,0.004894,2,9,2,13
1,1,0.004988,2,9,2,13
1,1,0.004862,2,9,2,13
1,1,0.004862,2,9,2,13
1,1,0.004878,2,9,2,13
1,1,0.004868,2,9,2,13
1,1,0.004887,2,9,2,13
1,1,0.004958,2,9,2,13
1,1,0.0049,2,9,2,13
1,1,0.004871,2,9,2,13
1,1,0.004888,2,9,2,13
1,1,0.004867,2,9,2,13
1,1,0.004851,2,9,2,13
1,1,0.004872,2,9,2,13
1,1,0.004961,2,9,2,13
1,1,0.00485,2,9,2,13
1,1,0.004881,2,9,2,13
1,1,0.004869,2,9,2,13
1,1,0.004876,2,9,2,13
1,1,0.004962,2,9,2,13
1,1,0.013679,2,9,2,13
1,1,0.00491,2,9,2,13
1,1,0.004873,2,9,2,13
1,1,0.004911,2,9,2,13
1,1,0.004891,2,9,2,13
1,1,0.004977,2,9,2,13
1,1,0.00486,2,9,2,13
1,1,0.00489,2,9,2,13
1,1,0.00486,2,9,2,13
1,1,0.004855,2,9,2,13
1,1,0.004921,2,9,2,13
1,1,0.004909,2,9,2,13
1,1,0.005103,2,9,2,13
1,1,0.004889,2,9,2,13
1,1,0.004925,2,9,2,13
1,1,0.004877,2,9,2,13
1,1,0.004875,2,9,2,13
1,1,0.004968,2,9,2,13
1,1,0.004908,2,9,2,13
1,1,0.004857,2,9,2,13
1,1,0.004959,2,9,2,13
1,1,0.004857,2,9,2,13
1,1,0.004855,2,9,2,13
1,1,0.004881,2,9,2,13
1,1,0.004967,2,9,2,13
1,1,0.004848,2,9,2,13
1,1,0.004854,2,9,2,13
1,1,0.004848,2,9,2,13
1,1,0.004854,2,9,2,13
1,1,0.004879,2,9,2,13
1,1,0.004971,2,9,2,13
1,1,0.004852,2,9,2,13
1,1,0.004843,2,9,2,13
1,1,0.004893,2,9,2,13
1,1,0.004864,2,9,2,13
1,1,0.004854,2,9,2,13
1,1,0.004892,2,9,2,13
1,1,0.004916,2,9,2,13
1,1,0.004861,2,9,2,13
1,1,0.004908,2,9,2,13
1,1,0.004876,2,9,2,13
1,1,0.004908,2,9,2,13
1,1,0.004851,2,9,2,13
1,1,0.004964,2,9,2,13
1,1,0.00484,2,9,2,13
1,1,0.004851,2,9,2,13
1,1,0.004879,2,9,2,13
1,1,0.004859,2,9,2,13
1,1,0.00488,2,9,2,13
1,1,0.004925,2,9,2,13
1,1,0.004914,2,9,2,13
1,1,0.004922,2,9,2,13
1,1,0.004872,2,9,2,13
1,1,0.004859,2,9,2,13
1,1,0.004849,2,9,2,13
1,1,0.00486,2,9,2,13
1,1,0.004956,2,9,2,13
1,1,0.00485,2,9,2,13
1,1,0.004895,2,9,2,13
1,1,0.004871,2,9,2,13
1,1,0.004852,2,9,2,13
1,1,0.00503,2,9,2,13
1,1,0.004968,2,9,2,13
1,1,0.0049,2,9,2,13
1,1,0.004913,2,9,2,13
1,1,0.005045,2,9,2,13
1,1,0.0049,2,9,2,13
1,1,0.004881,2,9,2,13
1,1,0.00494,2,9,2,13
1,1,0.00493,2,9,2,13
2,1,0.405029,10,233,21,1130
2,1,0.405009,10,233,21,1130
2,1,0.405711,10,233,21,1130
2,1,0.412571,10,233,21,1130
2,1,0.404687,10,233,21,1130
2,1,0.404985,10,233,21,1130
2,1,0.408003,10,233,21,1130
2,1,0.412567,10,233,21,1130
2,1,0.404621,10,233,21,1130
2,1,0.405384,10,233,21,1130
2,1,0.404679,10,233,21,1130
2,1,0.412424,10,233,21,1130
2,1,0.40519,10,233,21,1130
2,1,0.406,10,233,21,1130
2,1,0.405824,10,233,21,1130
2,1,0.413273,10,233,21,1130
2,1,0.405572,10,233,21,1130
2,1,0.408505,10,233,21,1130
2,1,0.405942,10,233,21,1130
2,1,0.412607,10,233,21,1130
2,1,0.404699,10,233,21,1130
2,1,0.404336,10,233,21,1130
2,1,0.404814,10,233,21,1130
2,1,0.412766,10,233,21,1130
2,1,0.404496,10,233,21,1130
2,1,0.40487,10,233,21,1130
2,1,0.40535,10,233,21,1130
2,1,0.414735,10,233,21,1130
2,1,0.405896,10,233,21,1130
2,1,0.408248,10,233,21,1130
2,1,0.405725,10,233,21,1130
2,1,0.412736,10,233,21,1130
2,1,0.404451,10,233,21,1130
2,1,0.405317,10,233,21,1130
2,1,0.405356,10,233,21,1130
2,1,0.413325,10,233,21,1130
2,1,0.40636,10,233,21,1130
2,1,0.40533,10,233,21,1130
2,1,0.408215,10,233,21,1130
2,1,0.412319,10,233,21,1130
2,1,0.405307,10,233,21,1130
2,1,0.405294,10,233,21,1130
2,1,0.405276,10,233,21,1130
2,1,0.413072,10,233,21,1130
2,1,0.404617,10,233,21,1130
2,1,0.405086,10,233,21,1130
2,1,0.405075,10,233,21,1130
2,1,0.413707,10,233,21,1130
2,1,0.404984,10,233,21,1130
2,1,0.407155,10,233,21,1130
2,1,0.404779,10,233,21,1130
2,1,0.412867,10,233,21,1130
2,1,0.405052,10,233,21,1130
2,1,0.404692,10,233,21,1130
2,1,0.405166,10,233,21,1130
2,1,0.412199,10,233,21,1130
2,1,0.404737,10,233,21,1130
2,1,0.40448,10,233,21,1130
2,1,0.405286,10,233,21,1130
2,1,0.417723,10,233,21,1130
2,1,0.40456,10,233,21,1130
2,1,0.404851,10,233,21,1130
2,1,0.405373,10,233,21,1130
2,1,0.415374,10,233,21,1130
2,1,0.406604,10,233,21,1130
2,1,0.404739,10,233,21,1130
2,1,0.40553,10,233,21,1130
2,1,0.412849,10,233,21,1130
2,1,0.404876,10,233,21,1130
2,1,0.405105,10,233,21,1130
2,1,0.408939,10,233,21,1130
2,1,0.413799,10,233,21,1130
2,1,0.405122,10,233,21,1130
2,1,0.405002,10,233,21,1130
2,1,0.406579,10,233,21,1130
2,1,0.413643,10,233,21,1130
2,1,0.405451,10,233,21,1130
2,1,0.40562,10,233,21,1130
2,1,0.407637,10,233,21,1130
2,1,0.412777,10,233,21,1130
2,1,0.405398,10,233,21,1130
2,1,0.405482,10,233,21,1130
2,1,0.406383,10,233,21,1130
2,1,0.41335,10,233,21,1130
2,1,0.405582,10,233,21,1130
2,1,0.404709,10,233,21,1130
2,1,0.405947,10,233,21,1130
2,1,0.412839,10,233,21,1130
2,1,0.405148,10,233,21,1130
2,1,0.40594,10,233,21,1130
2,1,0.407181,10,233,21,1130
2,1,0.415879,10,233,21,1130
2,1,0.405302,10,233,21,1130
2,1,0.405489,10,233,21,1130
2,1,0.406864,10,233,21,1130
2,1,0.412781,10,233,21,1130
2,1,0.406674,10,233,21,1130
2,1,0.406858,10,233,21,1130
2,1,0.405763,10,233,21,1130
2,1,0.413188,10,233,21,1130
2,2,4.497653,16,1135,54,18553
2,2,4.500795,16,1135,54,18553
2,2,4.555334,16,1135,54,18553
2,2,4.517581,16,1135,54,18553
2,2,4.501441,16,1135,54,18553
2,2,4.499972,16,1135,54,18553
2,2,4.511976,16,1135,54,18553
2,2,4.500575,16,1135,54,18553
2,2,4.525639,16,1135,54,18553
2,2,4.50161,16,1135,54,18553
2,2,4.498297,16,1135,54,18553
2,2,4.496445,16,1135,54,18553
2,2,4.492969,16,1135,54,18553
2,2,4.500966,16,1135,54,18553
2,2,4.488419,16,1135,54,18553
2,2,4.495237,16,1135,54,18553
2,2,4.50712,16,1135,54,18553
2,2,4.496544,16,1135,54,18553
2,2,4.496348,16,1135,54,18553
2,2,4.496446,16,1135,54,18553
2,2,4.504866,16,1135,54,18553
2,2,4.496285,16,1135,54,18553
2,2,4.496401,16,1135,54,18553
2,2,4.505333,16,1135,54,18553
2,2,4.496239,16,1135,54,18553
2,2,4.496018,16,1135,54,18553
2,2,4.498509,16,1135,54,18553
2,2,4.505515,16,1135,54,18553
2,2,4.489295,16,1135,54,18553
2,2,4.496938,16,1135,54,18553
2,2,4.501038,16,1135,54,18553
2,2,4.494898,16,1135,54,18553
2,2,4.493623,16,1135,54,18553
2,2,4.500138,16,1135,54,18553
2,2,4.500609,16,1135,54,18553
2,2,4.494834,16,1135,54,18553
2,2,4.492274,16,1135,54,18553
2,2,4.506092,16,1135,54,18553
2,2,4.495302,16,1135,54,18553
2,2,4.49881,16,1135,54,18553
2,2,4.501364,16,1135,54,18553
2,2,4.500623,16,1135,54,18553
2,2,4.496971,16,1135,54,18553
2,2,4.496543,16,1135,54,18553
2,2,4.50691,16,1135,54,18553
2,2,4.498715,16,1135,54,18553
2,2,4.503696,16,1135,54,18553
2,2,4.495158,16,1135,54,18553
2,2,4.508824,16,1135,54,18553
2,2,4.494511,16,1135,54,18553
2,2,4.499402,16,1135,54,18553
2,2,4.508195,16,1135,54,18553
2,2,4.493673,16,1135,54,18553
2,2,4.496151,16,1135,54,18553
2,2,4.492502,16,1135,54,18553
2,2,4.507148,16,1135,54,18553
2,2,4.4984,16,1135,54,18553
2,2,4.495,16,1135,54,18553
2,2,4.523603,16,1135,54,18553
2,2,4.52215,16,1135,54,18553
2,2,4.512357,16,1135,54,18553
2,2,4.525245,16,1135,54,18553
2,2,4.528554,16,1135,54,18553
2,2,4.530383,16,1135,54,18553
2,2,4.525599,16,1135,54,18553
2,2,4.555076,16,1135,54,18553
2,2,4.529451,16,1135,54,18553
2,2,4.538491,16,1135,54,18553
2,2,4.536348,16,1135,54,18553
2,2,4.544254,16,1135,54,18553
2,2,4.575926,16,1135,54,18553
2,2,4.535312,16,1135,54,18553
2,2,4.533027,16,1135,54,18553
2,2,4.515148,16,1135,54,18553
2,2,4.535812,16,1135,54,18553
2,2,4.495495,16,1135,54,18553
2,2,4.518247,16,1135,54,18553
2,2,4.50749,16,1135,54,18553
2,2,4.4935,16,1135,54,18553
2,2,4.525998,16,1135,54,18553
2,2,4.497159,16,1135,54,18553
2,2,4.512783,16,1135,54,18553
2,2,4.51805,16,1135,54,18553
2,2,4.581741,16,1135,54,18553
2,2,4.549471,16,1135,54,18553
2,2,4.536869,16,1135,54,18553
2,2,4.523283,16,1135,54,18553
2,2,4.560646,16,1135,54,18553
2,2,4.520937,16,1135,54,18553
2,2,4.529773,16,1135,54,18553
2,2,4.577337,16,1135,54,18553
2,2,4.531104,16,1135,54,18553
2,2,4.568498,16,1135,54,18553
2,2,4.544689,16,1135,54,18553
2,2,4.542736,16,1135,54,18553
2,2,4.555941,16,1135,54,18553
2,2,4.537562,16,1135,54,18553
2,2,4.541659,16,1135,54,18553
2,2,4.532471,16,1135,54,18553
2,2,4.529372,16,1135,54,18553
3,1,20.163241,14,2011,92,71616
3,1,20.125682,14,2011,92,71616
3,1,20.134576,14,2011,92,71616
3,1,20.025279,14,2011,92,71616
3,1,19.930592,14,2011,92,71616
3,1,19.922203,14,2011,92,71616
3,1,19.929256,14,2011,92,71616
3,1,19.875126,14,2011,92,71616
3,1,19.873886,14,2011,92,71616
3,1,19.869175,14,2011,92,71616
3,1,19.873772,14,2011,92,71616
3,1,19.86039,14,2011,92,71616
3,1,19.862824,14,2011,92,71616
3,1,19.852065,14,2011,92,71616
3,1,19.842508,14,2011,92,71616
3,1,19.867574,14,2011,92,71616
3,1,19.854074,14,2011,92,71616
3,1,19.846043,14,2011,92,71616
3,1,19.856233,14,2011,92,71616
3,1,19.844874,14,2011,92,71616
3,1,19.838759,14,2011,92,71616
3,1,19.844617,14,2011,92,71616
3,1,19.845869,14,2011,92,71616
3,1,19.841283,14,2011,92,71616
3,1,19.862318,14,2011,92,71616
3,1,19.848997,14,2011,92,71616
3,1,19.851937,14,2011,92,71616
3,1,19.838207,14,2011,92,71616
3,1,19.859416,14,2011,92,71616
3,1,19.868439,14,2011,92,71616
3,1,19.894098,14,2011,92,71616
3,1,19.838755,14,2011,92,71616
3,1,19.844251,14,2011,92,71616
3,1,19.843198,14,2011,92,71616
3,1,19.860851,14,2011,92,71616
3,1,19.848612,14,2011,92,71616
3,1,19.913272,14,2011,92,71616
3,1,19.870192,14,2011,92,71616
3,1,19.859911,14,2011,92,71616
3,1,19.856327,14,2011,92,71616
3,1,19.881188,14,2011,92,71616
3,1,19.865729,14,2011,92,71616
3,1,19.89396,14,2011,92,71616
3,1,19.851979,14,2011,92,71616
3,1,20.029338,14,2011,92,71616
3,1,19.867301,14,2011,92,71616
3,1,19.849945,14,2011,92,71616
3,1,19.846411,14,2011,92,71616
3,1,19.877718,14,2011,92,71616
3,1,19.861351,14,2011,92,71616
3,1,19.866549,14,2011,92,71616
3,1,19.852248,14,2011,92,71616
3,1,19.871659,14,2011,92,71616
3,1,19.849546,14,2011,92,71616
3,1,19.897315,14,2011,92,71616
3,1,19.873979,14,2011,92,71616
3,1,19.873018,14,2011,92,71616
3,1,19.863543,14,2011,92,71616
3,1,19.860721,14,2011,92,71616
3,1,19.851322,14,2011,92,71616
3,1,19.881211,14,2011,92,71616
3,1,19.867031,14,2011,92,71616
3,1,19.873137,14,2011,92,71616
3,1,19.857053,14,2011,92,71616
3,1,19.864354,14,2011,92,71616
3,1,19.867047,14,2011,92,71616
3,1,19.87539,14,2011,92,71616
3,1,19.839996,14,2011,92,71616
3,1,19.844317,14,2011,92,71616
3,1,19.852661,14,2011,92,71616
3,1,19.882173,14,2011,92,71616
3,1,19.878916,14,2011,92,71616
3,1,19.903332,14,2011,92,71616
3,1,19.869021,14,2011,92,71616
3,1,19.877115,14,2011,92,71616
3,1,19.865275,14,2011,92,71616
3,1,19.871945,14,2011,92,71616
3,1,19.868259,14,2011,92,71616
3,1,19.88361,14,2011,92,71616
3,1,19.863859,14,2011,92,71616
3,1,19.860582,14,2011,92,71616
3,1,19.849391,14,2011,92,71616
3,1,19.861077,14,2011,92,71616
3,1,19.844604,14,2011,92,71616
3,1,19.883461,14,2011,92,71616
3,1,19.880375,14,2011,92,71616
3,1,19.856596,14,2011,92,71616
3,1,19.840346,14,2011,92,71616
3,1,19.860546,14,2011,92,71616
3,1,19.851916,14,2011,92,71616
3,1,19.903341,14,2011,92,71616
3,1,19.860008,14,2011,92,71616
3,1,19.858509,14,2011,92,71616
3,1,19.83519,14,2011,92,71616
3,1,19.866327,14,2011,92,71616
3,1,19.842744,14,2011,92,71616
3,1,19.879948,14,2011,92,71616
3,1,19.839252,14,2011,92,71616
3,1,19.845255,14,2011,92,71616
3,1,19.854194,14,2011,92,71616
3,2,192.931751,17,7972,261,829690
3,2,193.596464,17,7972,261,829690
3,2,195.149514,17,7972,261,829690
3,2,193.231062,17,7972,261,829690
3,2,193.023705,17,7972,261,829690
3,2,193.035888,17,7972,261,829690
3,2,193.309206,17,7972,261,829690
3,2,193.233251,17,7972,261,829690
3,2,193.115558,17,7972,261,829690
3,2,193.102255,17,7972,261,829690
3,2,193.388517,17,7972,261,829690
3,2,193.18074,17,7972,261,829690
3,2,193.305357,17,7972,261,829690
3,2,193.294436,17,7972,261,829690
3,2,193.231023,17,7972,261,829690
3,2,192.977321,17,7972,261,829690
3,2,193.243907,17,7972,261,829690
3,2,193.103485,17,7972,261,829690
3,2,193.166373,17,7972,261,829690
3,2,193.399762,17,7972,261,829690
3,2,193.300041,17,7972,261,829690
3,2,193.325222,17,7972,261,829690
3,2,193.426106,17,7972,261,829690
3,2,193.234037,17,7972,261,829690
3,2,193.163848,17,7972,261,829690
3,2,192.979067,17,7972,261,829690
3,2,193.103137,17,7972,261,829690
3,2,193.069945,17,7972,261,829690
3,2,192.950068,17,7972,261,829690
3,2,193.047757,17,7972,261,829690
3,2,193.17599,17,7972,261,829690
3,2,193.137478,17,7972,261,829690
3,2,193.284779,17,7972,261,829690
3,2,193.20047,17,7972,261,829690
3,2,193.26396,17,7972,261,829690
3,2,193.24299,17,7972,261,829690
3,2,193.217496,17,7972,261,829690
3,2,193.074836,17,7972,261,829690
3,2,193.378764,17,7972,261,829690
3,2,193.097771,17,7972,261,829690
3,3,1590.554256,22,28317,639,7052588
3,3,1587.558034,22,28317,639,7052588
3,3,1590.035863,22,28317,639,7052588
3,3,1589.722464,22,28317,639,7052588
3,3,1589.233441,22,28317,639,7052588
3,3,1587.650041,22,28317,639,7052588
3,3,1589.28191,22,28317,639,7052588
3,3,1588.868094,22,28317,639,7052588
3,3,1588.645873,22,28317,639,7052588
3,3,1586.661832,22,28317,639,7052588
3,3,1586.968193,22,28317,639,7052588
3,3,1589.766808,22,28317,639,7052588
3,3,1587.201971,22,28317,639,7052588
3,3,1589.61443,22,28317,639,7052588
3,3,1586.881181,22,28317,639,7052588
3,3,1587.439866,22,28317,639,7052588
3,3,1588.566929,22,28317,639,7052588
3,3,1587.549072,22,28317,639,7052588
3,3,1587.873818,22,28317,639,7052588
3,3,1589.758675,22,28317,639,7052588
4,1,604.191889,17,12245,393,1871755
4,1,604.537324,17,12245,393,1871755
4,1,604.143549,17,12245,393,1871755
4,1,604.105054,17,12245,393,1871755
4,1,606.507495,17,12245,393,1871755
4,2,7775.920754,21,53529,1247,27296362
1,2,0.008417,2,13,2,23
1,2,0.00838,2,13,2,23
1,2,0.008108,2,13,2,23
1,2,0.008207,2,13,2,23
1,2,0.008202,2,13,2,23
1,2,0.008403,2,13,2,23
1,2,0.008329,2,13,2,23
1,2,0.008177,2,13,2,23
1,2,0.008178,2,13,2,23
1,2,0.008223,2,13,2,23
1,2,0.008334,2,13,2,23
1,2,0.008333,2,13,2,23
1,2,0.00819,2,13,2,23
1,2,0.008239,2,13,2,23
1,2,0.008196,2,13,2,23
1,2,0.00821,2,13,2,23
1,2,0.008176,2,13,2,23
1,2,0.016174,2,13,2,23
1,2,0.008178,2,13,2,23
1,2,0.008134,2,13,2,23
1,2,0.008243,2,13,2,23
1,2,0.008113,2,13,2,23
1,2,0.008124,2,13,2,23
1,2,0.008101,2,13,2,23
1,2,0.008199,2,13,2,23
1,2,0.008216,2,13,2,23
1,2,0.008121,2,13,2,23
1,2,0.008105,2,13,2,23
1,2,0.008211,2,13,2,23
1,2,0.008143,2,13,2,23
1,2,0.008134,2,13,2,23
1,2,0.008101,2,13,2,23
1,2,0.008207,2,13,2,23
1,2,0.008102,2,13,2,23
1,2,0.008131,2,13,2,23
1,2,0.008104,2,13,2,23
1,2,0.008216,2,13,2,23
1,2,0.008116,2,13,2,23
1,2,0.00812,2,13,2,23
1,2,0.008109,2,13,2,23
1,2,0.00819,2,13,2,23
1,2,0.008111,2,13,2,23
1,2,0.008099,2,13,2,23
1,2,0.008109,2,13,2,23
1,2,0.00826,2,13,2,23
1,2,0.008132,2,13,2,23
1,2,0.0081,2,13,2,23
1,2,0.008148,2,13,2,23
1,2,0.008155,2,13,2,23
1,2,0.008112,2,13,2,23
1,2,0.008097,2,13,2,23
1,2,0.008163,2,13,2,23
1,2,0.008112,2,13,2,23
1,2,0.008111,2,13,2,23
1,2,0.008106,2,13,2,23
1,2,0.008198,2,13,2,23
1,2,0.00809,2,13,2,23
1,2,0.008114,2,13,2,23
1,2,0.008118,2,13,2,23
1,2,0.008202,2,13,2,23
1,2,0.008111,2,13,2,23
1,2,0.008115,2,13,2,23
1,2,0.008092,2,13,2,23
1,2,0.00827,2,13,2,23
1,2,0.008163,2,13,2,23
1,2,0.008126,2,13,2,23
1,2,0.008112,2,13,2,23
1,2,0.008216,2,13,2,23
1,2,0.008099,2,13,2,23
1,2,0.008109,2,13,2,23
1,2,0.008129,2,13,2,23
1,2,0.00818,2,13,2,23
1,2,0.00811,2,13,2,23
1,2,0.008115,2,13,2,23
1,2,0.008132,2,13,2,23
1,2,0.008196,2,13,2,23
1,2,0.008115,2,13,2,23
1,2,0.00812,2,13,2,23
1,2,0.00811,2,13,2,23
1,2,0.008198,2,13,2,23
1,2,0.008146,2,13,2,23
1,2,0.008108,2,13,2,23
1,2,0.00814,2,13,2,23
1,2,0.00826,2,13,2,23
1,2,0.008159,2,13,2,23
1,2,0.008142,2,13,2,23
1,2,0.008194,2,13,2,23
1,2,0.008135,2,13,2,23
1,2,0.008156,2,13,2,23
1,2,0.008107,2,13,2,23
1,2,0.008208,2,13,2,23
1,2,0.008101,2,13,2,23
1,2,0.00813,2,13,2,23
1,2,0.008108,2,13,2,23
1,2,0.008207,2,13,2,23
1,2,0.008105,2,13,2,23
1,2,0.008132,2,13,2,23
1,2,0.008109,2,13,2,23
1,2,0.008205,2,13,2,23
1,2,0.008108,2,13,2,23
1,3,0.013131,2,17,2,33
1,3,0.013373,2,17,2,33
1,3,0.013211,2,17,2,33
1,3,0.013106,2,17,2,33
1,3,0.0132,2,17,2,33
1,3,0.013134,2,17,2,33
1,3,0.013177,2,17,2,33
1,3,0.013182,2,17,2,33
1,3,0.013143,2,17,2,33
1,3,0.013078,2,17,2,33
1,3,0.013276,2,17,2,33
1,3,0.013159,2,17,2,33
1,3,0.013191,2,17,2,33
1,3,0.013215,2,17,2,33
1,3,0.013158,2,17,2,33
1,3,0.013165,2,17,2,33
1,3,0.013368,2,17,2,33
1,3,0.013211,2,17,2,33
1,3,0.013149,2,17,2,33
1,3,0.013224,2,17,2,33
1,3,0.013172,2,17,2,33
1,3,0.013137,2,17,2,33
1,3,0.013259,2,17,2,33
1,3,0.013234,2,17,2,33
1,3,0.013117,2,17,2,33
1,3,0.013209,2,17,2,33
1,3,0.013173,2,17,2,33
1,3,0.013065,2,17,2,33
1,3,0.013303,2,17,2,33
1,3,0.01312,2,17,2,33
1,3,0.013129,2,17,2,33
1,3,0.013286,2,17,2,33
1,3,0.013119,2,17,2,33
1,3,0.013132,2,17,2,33
1,3,0.013187,2,17,2,33
1,3,0.013157,2,17,2,33
1,3,0.013052,2,17,2,33
1,3,0.013283,2,17,2,33
1,3,0.013202,2,17,2,33
1,3,0.013108,2,17,2,33
1,3,0.013258,2,17,2,33
1,3,0.013133,2,17,2,33
1,3,0.013129,2,17,2,33
1,3,0.013181,2,17,2,33
1,3,0.013117,2,17,2,33
1,3,0.013155,2,17,2,33
1,3,0.013277,2,17,2,33
1,3,0.013408,2,17,2,33
1,3,0.013286,2,17,2,33
1,3,0.013196,2,17,2,33
1,3,0.013232,2,17,2,33
1,3,0.013073,2,17,2,33
1,3,0.013266,2,17,2,33
1,3,0.013095,2,17,2,33
1,3,0.01307,2,17,2,33
1,3,0.013262,2,17,2,33
1,3,0.013208,2,17,2,33
1,3,0.013067,2,17,2,33
1,3,0.013218,2,17,2,33
1,3,0.01315,2,17,2,33
1,3,0.013155,2,17,2,33
1,3,0.013212,2,17,2,33
1,3,0.013173,2,17,2,33
1,3,0.013201,2,17,2,33
1,3,0.013344,2,17,2,33
1,3,0.013192,2,17,2,33
1,3,0.013189,2,17,2,33
1,3,0.013351,2,17,2,33
1,3,0.013297,2,17,2,33
1,3,0.013149,2,17,2,33
1,3,0.013213,2,17,2,33
1,3,0.013203,2,17,2,33
1,3,0.013106,2,17,2,33
1,3,0.013295,2,17,2,33
1,3,0.01316,2,17,2,33
1,3,0.013321,2,17,2,33
1,3,0.01332,2,17,2,33
1,3,0.013142,2,17,2,33
1,3,0.013149,2,17,2,33
1,3,0.013171,2,17,2,33
1,3,0.01309,2,17,2,33
1,3,0.013142,2,17,2,33
1,3,0.013321,2,17,2,33
1,3,0.013176,2,17,2,33
1,3,0.013117,2,17,2,33
1,3,0.013158,2,17,2,33
1,3,0.013182,2,17,2,33
1,3,0.013091,2,17,2,33
1,3,0.013253,2,17,2,33
1,3,0.013146,2,17,2,33
1,3,0.013118,2,17,2,33
1,3,0.013314,2,17,2,33
1,3,0.013089,2,17,2,33
1,3,0.013107,2,17,2,33
1,3,0.013242,2,17,2,33
1,3,0.01317,2,17,2,33
1,3,0.013175,2,17,2,33
1,3,0.01318,2,17,2,33
1,3,0.013191,2,17,2,33
1,3,0.013088,2,17,2,33
1,4,0.020037,2,21,2,43
1,4,0.019943,2,21,2,43
1,4,0.019991,2,21,2,43
1,4,0.019944,2,21,2,43
1,4,0.019913,2,21,2,43
1,4,0.0198,2,21,2,43
1,4,0.020007,2,21,2,43
1,4,0.019913,2,21,2,43
1,4,0.020171,2,21,2,43
1,4,0.019921,2,21,2,43
1,4,0.019914,2,21,2,43
1,4,0.019809,2,21,2,43
1,4,0.019941,2,21,2,43
1,4,0.019941,2,21,2,43
1,4,0.019973,2,21,2,43
1,4,0.01982,2,21,2,43
1,4,0.01993,2,21,2,43
1,4,0.019944,2,21,2,43
1,4,0.019939,2,21,2,43
1,4,0.019829,2,21,2,43
1,4,0.019954,2,21,2,43
1,4,0.019834,2,21,2,43
1,4,0.019934,2,21,2,43
1,4,0.019809,2,21,2,43
1,4,0.019937,2,21,2,43
1,4,0.01982,2,21,2,43
1,4,0.019964,2,21,2,43
1,4,0.020004,2,21,2,43
1,4,0.019943,2,21,2,43
1,4,0.0198,2,21,2,43
1,4,0.020021,2,21,2,43
1,4,0.019892,2,21,2,43
1,4,0.01998,2,21,2,43
1,4,0.019819,2,21,2,43
1,4,0.028269,2,21,2,43
1,4,0.019864,2,21,2,43
1,4,0.019761,2,21,2,43
1,4,0.01998,2,21,2,43
1,4,0.019813,2,21,2,43
1,4,0.019961,2,21,2,43
1,4,0.019811,2,21,2,43
1,4,0.01996,2,21,2,43
1,4,0.019812,2,21,2,43
1,4,0.019889,2,21,2,43
1,4,0.019874,2,21,2,43
1,4,0.019865,2,21,2,43
1,4,0.019764,2,21,2,43
1,4,0.019884,2,21,2,43
1,4,0.019781,2,21,2,43
1,4,0.019851,2,21,2,43
1,4,0.019799,2,21,2,43
1,4,0.020033,2,21,2,43
1,4,0.019857,2,21,2,43
1,4,0.020033,2,21,2,43
1,4,0.019863,2,21,2,43
1,4,0.020028,2,21,2,43
1,4,0.019941,2,21,2,43
1,4,0.020026,2,21,2,43
1,4,0.019849,2,21,2,43
1,4,0.019906,2,21,2,43
1,4,0.019782,2,21,2,43
1,4,0.019902,2,21,2,43
1,4,0.019705,2,21,2,43
1,4,0.019903,2,21,2,43
1,4,0.019818,2,21,2,43
1,4,0.019983,2,21,2,43
1,4,0.019774,2,21,2,43
1,4,0.019843,2,21,2,43
1,4,0.019881,2,21,2,43
1,4,0.019973,2,21,2,43
1,4,0.019761,2,21,2,43
1,4,0.019882,2,21,2,43
1,4,0.019886,2,21,2,43
1,4,0.020133,2,21,2,43
1,4,0.019871,2,21,2,43
1,4,0.019976,2,21,2,43
1,4,0.019711,2,21,2,43
1,4,0.019866,2,21,2,43
1,4,0.019841,2,21,2,43
1,4,0.019936,2,21,2,43
1,4,0.019802,2,21,2,43
1,4,0.020026,2,21,2,43
1,4,0.019867,2,21,2,43
1,4,0.01989,2,21,2,43
1,4,0.019761,2,21,2,43
1,4,0.019905,2,21,2,43
1,4,0.01979,2,21,2,43
1,4,0.019925,2,21,2,43
1,4,0.019794,2,21,2,43
1,4,0.01991,2,21,2,43
1,4,0.019823,2,21,2,43
1,4,0.019916,2,21,2,43
1,4,0.019972,2,21,2,43
1,4,0.019854,2,21,2,43
1,4,0.019749,2,21,2,43
1,4,0.019971,2,21,2,43
1,4,0.019888,2,21,2,43
1,4,0.019815,2,21,2,43
1,4,0.01976,2,21,2,43
1,4,0.019946,2,21,2,43
2,3,21.74067,16,2657,121,100962
2,3,21.743338,16,2657,121,100962
2,3,21.780493,16,2657,121,100962
2,3,21.756474,16,2657,121,100962
2,3,21.760713,16,2657,121,100962
2,3,21.855218,16,2657,121,100962
2,3,21.840068,16,2657,121,100962
2,3,21.778008,16,2657,121,100962
2,3,21.779389,16,2657,121,100962
2,3,21.784217,16,2657,121,100962
2,3,21.761612,16,2657,121,100962
2,3,21.758199,16,2657,121,100962
2,3,21.767472,16,2657,121,100962
2,3,21.774705,16,2657,121,100962
2,3,21.774963,16,2657,121,100962
2,3,21.751285,16,2657,121,100962
2,3,21.760536,16,2657,121,100962
2,3,21.781272,16,2657,121,100962
2,3,21.790598,16,2657,121,100962
2,3,21.76996,16,2657,121,100962
2,3,21.780543,16,2657,121,100962
2,3,21.785391,16,2657,121,100962
2,3,21.754241,16,2657,121,100962
2,3,21.773197,16,2657,121,100962
2,3,21.747935,16,2657,121,100962
2,3,21.771374,16,2657,121,100962
2,3,21.762754,16,2657,121,100962
2,3,21.77285,16,2657,121,100962
2,3,21.775281,16,2657,121,100962
2,3,21.774483,16,2657,121,100962
2,3,21.756114,16,2657,121,100962
2,3,21.77592,16,2657,121,100962
2,3,21.768415,16,2657,121,100962
2,3,21.773511,16,2657,121,100962
2,3,21.775334,16,2657,121,100962
2,3,21.771578,16,2657,121,100962
2,3,21.754096,16,2657,121,100962
2,3,21.76074,16,2657,121,100962
2,3,21.786189,16,2657,121,100962
2,3,21.774169,16,2657,121,100962
2,3,21.774214,16,2657,121,100962
2,3,21.771625,16,2657,121,100962
2,3,21.768317,16,2657,121,100962
2,3,21.777136,16,2657,121,100962
2,3,21.772149,16,2657,121,100962
2,3,21.775761,16,2657,121,100962
2,3,21.756565,16,2657,121,100962
2,3,21.764134,16,2657,121,100962
2,3,21.759772,16,2657,121,100962
2,3,21.812257,16,2657,121,100962
2,3,21.754092,16,2657,121,100962
2,3,21.761938,16,2657,121,100962
2,3,21.793849,16,2657,121,100962
2,3,21.774522,16,2657,121,100962
2,3,21.777264,16,2657,121,100962
2,3,21.766882,16,2657,121,100962
2,3,21.76641,16,2657,121,100962
2,3,21.773645,16,2657,121,100962
2,3,21.777772,16,2657,121,100962
2,3,21.764707,16,2657,121,100962
2,3,21.763934,16,2657,121,100962
2,3,21.761032,16,2657,121,100962
2,3,21.768765,16,2657,121,100962
2,3,21.765113,16,2657,121,100962
2,3,21.764665,16,2657,121,100962
2,3,21.806455,16,2657,121,100962
2,3,21.759206,16,2657,121,100962
2,3,21.764695,16,2657,121,100962
2,3,21.775398,16,2657,121,100962
2,3,21.764546,16,2657,121,100962
2,3,21.792703,16,2657,121,100962
2,3,21.7881,16,2657,121,100962
2,3,21.766604,16,2657,121,100962
2,3,21.76201,16,2657,121,100962
2,3,21.762908,16,2657,121,100962
2,3,21.775833,16,2657,121,100962
2,3,21.767941,16,2657,121,100962
2,3,21.771878,16,2657,121,100962
2,3,21.768887,16,2657,121,100962
2,3,21.773696,16,2657,121,100962
2,3,21.781231,16,2657,121,100962
2,3,21.775585,16,2657,121,100962
2,3,21.796354,16,2657,121,100962
2,3,21.76579,16,2657,121,100962
2,3,21.767141,16,2657,121,100962
2,3,21.77174,16,2657,121,100962
2,3,21.755312,16,2657,121,100962
2,3,21.773299,16,2657,121,100962
2,3,21.773267,16,2657,121,100962
2,3,21.76781,16,2657,121,100962
2,3,21.790606,16,2657,121,100962
2,3,21.781201,16,2657,121,100962
2,3,21.773931,16,2657,121,100962
2,3,21.767923,16,2657,121,100962
2,3,21.766829,16,2657,121,100962
2,3,21.759464,16,2657,121,100962
2,3,21.75944,16,2657,121,100962
2,3,21.773407,16,2657,121,100962
2,3,21.774077,16,2657,121,100962
2,3,21.749646,16,2657,121,100962
2,4,121.008061,18,6626,264,558010
2,4,121.070672,18,6626,264,558010
2,4,121.410281,18,6626,264,558010
2,4,120.773002,18,6626,264,558010
2,4,120.645556,18,6626,264,558010
2,4,120.843852,18,6626,264,558010
2,4,120.928277,18,6626,264,558010
2,4,120.93729,18,6626,264,558010
2,4,120.942266,18,6626,264,558010
2,4,120.89371,18,6626,264,558010
2,4,120.896864,18,6626,264,558010
2,4,120.888369,18,6626,264,558010
2,4,120.83948,18,6626,264,558010
2,4,120.90668,18,6626,264,558010
2,4,120.760064,18,6626,264,558010
2,4,120.860108,18,6626,264,558010
2,4,120.947499,18,6626,264,558010
2,4,120.776915,18,6626,264,558010
2,4,120.796719,18,6626,264,558010
2,4,120.868359,18,6626,264,558010
2,4,120.877267,18,6626,264,558010
2,4,120.940815,18,6626,264,558010
2,4,120.839985,18,6626,264,558010
2,4,120.869389,18,6626,264,558010
2,4,120.854253,18,6626,264,558010
2,4,120.790903,18,6626,264,558010
2,4,120.859166,18,6626,264,558010
2,4,120.72625,18,6626,264,558010
2,4,120.883647,18,6626,264,558010
2,4,120.706126,18,6626,264,558010
2,4,120.96257,18,6626,264,558010
2,4,121.037118,18,6626,264,558010
2,4,120.728453,18,6626,264,558010
2,4,120.874775,18,6626,264,558010
2,4,120.944934,18,6626,264,558010
2,4,120.998848,18,6626,264,558010
2,4,120.90364,18,6626,264,558010
2,4,120.794171,18,6626,264,558010
2,4,120.774965,18,6626,264,558010
2,4,120.704669,18,6626,264,558010
2,4,120.962234,18,6626,264,558010
2,4,121.037839,18,6626,264,558010
2,4,120.852362,18,6626,264,558010
2,4,120.719645,18,6626,264,558010
2,4,120.843221,18,6626,264,558010
2,4,120.826827,18,6626,264,558010
2,4,120.929559,18,6626,264,558010
2,4,120.852043,18,6626,264,558010
2,4,120.87264,18,6626,264,558010
2,4,120.907947,18,6626,264,558010
1,2,0.008417,2,13,2,23
1,2,0.00838,2,13,2,23
1,2,0.008108,2,13,2,23
1,2,0.008207,2,13,2,23
1,2,0.008202,2,13,2,23
1,2,0.008403,2,13,2,23
1,2,0.008329,2,13,2,23
1,2,0.008177,2,13,2,23
1,2,0.008178,2,13,2,23
1,2,0.008223,2,13,2,23
1,2,0.008334,2,13,2,23
1,2,0.008333,2,13,2,23
1,2,0.00819,2,13,2,23
1,2,0.008239,2,13,2,23
1,2,0.008196,2,13,2,23
1,2,0.00821,2,13,2,23
1,2,0.008176,2,13,2,23
1,2,0.016174,2,13,2,23
1,2,0.008178,2,13,2,23
1,2,0.008134,2,13,2,23
1,2,0.008243,2,13,2,23
1,2,0.008113,2,13,2,23
1,2,0.008124,2,13,2,23
1,2,0.008101,2,13,2,23
1,2,0.008199,2,13,2,23
1,2,0.008216,2,13,2,23
1,2,0.008121,2,13,2,23
1,2,0.008105,2,13,2,23
1,2,0.008211,2,13,2,23
1,2,0.008143,2,13,2,23
1,2,0.008134,2,13,2,23
1,2,0.008101,2,13,2,23
1,2,0.008207,2,13,2,23
1,2,0.008102,2,13,2,23
1,2,0.008131,2,13,2,23
1,2,0.008104,2,13,2,23
1,2,0.008216,2,13,2,23
1,2,0.008116,2,13,2,23
1,2,0.00812,2,13,2,23
1,2,0.008109,2,13,2,23
1,2,0.00819,2,13,2,23
1,2,0.008111,2,13,2,23
1,2,0.008099,2,13,2,23
1,2,0.008109,2,13,2,23
1,2,0.00826,2,13,2,23
1,2,0.008132,2,13,2,23
1,2,0.0081,2,13,2,23
1,2,0.008148,2,13,2,23
1,2,0.008155,2,13,2,23
1,2,0.008112,2,13,2,23
1,2,0.008097,2,13,2,23
1,2,0.008163,2,13,2,23
1,2,0.008112,2,13,2,23
1,2,0.008111,2,13,2,23
1,2,0.008106,2,13,2,23
1,2,0.008198,2,13,2,23
1,2,0.00809,2,13,2,23
1,2,0.008114,2,13,2,23
1,2,0.008118,2,13,2,23
1,2,0.008202,2,13,2,23
1,2,0.008111,2,13,2,23
1,2,0.008115,2,13,2,23
1,2,0.008092,2,13,2,23
1,2,0.00827,2,13,2,23
1,2,0.008163,2,13,2,23
1,2,0.008126,2,13,2,23
1,2,0.008112,2,13,2,23
1,2,0.008216,2,13,2,23
1,2,0.008099,2,13,2,23
1,2,0.008109,2,13,2,23
1,2,0.008129,2,13,2,23
1,2,0.00818,2,13,2,23
1,2,0.00811,2,13,2,23
1,2,0.008115,2,13,2,23
1,2,0.008132,2,13,2,23
1,2,0.008196,2,13,2,23
1,2,0.008115,2,13,2,23
1,2,0.00812,2,13,2,23
1,2,0.00811,2,13,2,23
1,2,0.008198,2,13,2,23
1,2,0.008146,2,13,2,23
1,2,0.008108,2,13,2,23
1,2,0.00814,2,13,2,23
1,2,0.00826,2,13,2,23
1,2,0.008159,2,13,2,23
1,2,0.008142,2,13,2,23
1,2,0.008194,2,13,2,23
1,2,0.008135,2,13,2,23
1,2,0.008156,2,13,2,23
1,2,0.008107,2,13,2,23
1,2,0.008208,2,13,2,23
1,2,0.008101,2,13,2,23
1,2,0.00813,2,13,2,23
1,2,0.008108,2,13,2,23
1,2,0.008207,2,13,2,23
1,2,0.008105,2,13,2,23
1,2,0.008132,2,13,2,23
1,2,0.008109,2,13,2,23
1,2,0.008205,2,13,2,23
1,2,0.008108,2,13,2,23
1,3,0.013131,2,17,2,33
1,3,0.013373,2,17,2,33
1,3,0.013211,2,17,2,33
1,3,0.013106,2,17,2,33
1,3,0.0132,2,17,2,33
1,3,0.013134,2,17,2,33
1,3,0.013177,2,17,2,33
1,3,0.013182,2,17,2,33
1,3,0.013143,2,17,2,33
1,3,0.013078,2,17,2,33
1,3,0.013276,2,17,2,33
1,3,0.013159,2,17,2,33
1,3,0.013191,2,17,2,33
1,3,0.013215,2,17,2,33
1,3,0.013158,2,17,2,33
1,3,0.013165,2,17,2,33
1,3,0.013368,2,17,2,33
1,3,0.013211,2,17,2,33
1,3,0.013149,2,17,2,33
1,3,0.013224,2,17,2,33
1,3,0.013172,2,17,2,33
1,3,0.013137,2,17,2,33
1,3,0.013259,2,17,2,33
1,3,0.013234,2,17,2,33
1,3,0.013117,2,17,2,33
1,3,0.013209,2,17,2,33
1,3,0.013173,2,17,2,33
1,3,0.013065,2,17,2,33
1,3,0.013303,2,17,2,33
1,3,0.01312,2,17,2,33
1,3,0.013129,2,17,2,33
1,3,0.013286,2,17,2,33
1,3,0.013119,2,17,2,33
1,3,0.013132,2,17,2,33
1,3,0.013187,2,17,2,33
1,3,0.013157,2,17,2,33
1,3,0.013052,2,17,2,33
1,3,0.013283,2,17,2,33
1,3,0.013202,2,17,2,33
1,3,0.013108,2,17,2,33
1,3,0.013258,2,17,2,33
1,3,0.013133,2,17,2,33
1,3,0.013129,2,17,2,33
1,3,0.013181,2,17,2,33
1,3,0.013117,2,17,2,33
1,3,0.013155,2,17,2,33
1,3,0.013277,2,17,2,33
1,3,0.013408,2,17,2,33
1,3,0.013286,2,17,2,33
1,3,0.013196,2,17,2,33
1,3,0.013232,2,17,2,33
1,3,0.013073,2,17,2,33
1,3,0.013266,2,17,2,33
1,3,0.013095,2,17,2,33
1,3,0.01307,2,17,2,33
1,3,0.013262,2,17,2,33
1,3,0.013208,2,17,2,33
1,3,0.013067,2,17,2,33
1,3,0.013218,2,17,2,33
1,3,0.01315,2,17,2,33
1,3,0.013155,2,17,2,33
1,3,0.013212,2,17,2,33
1,3,0.013173,2,17,2,33
1,3,0.013201,2,17,2,33
1,3,0.013344,2,17,2,33
1,3,0.013192,2,17,2,33
1,3,0.013189,2,17,2,33
1,3,0.013351,2,17,2,33
1,3,0.013297,2,17,2,33
1,3,0.013149,2,17,2,33
1,3,0.013213,2,17,2,33
1,3,0.013203,2,17,2,33
1,3,0.013106,2,17,2,33
1,3,0.013295,2,17,2,33
1,3,0.01316,2,17,2,33
1,3,0.013321,2,17,2,33
1,3,0.01332,2,17,2,33
1,3,0.013142,2,17,2,33
1,3,0.013149,2,17,2,33
1,3,0.013171,2,17,2,33
1,3,0.01309,2,17,2,33
1,3,0.013142,2,17,2,33
1,3,0.013321,2,17,2,33
1,3,0.013176,2,17,2,33
1,3,0.013117,2,17,2,33
1,3,0.013158,2,17,2,33
1,3,0.013182,2,17,2,33
1,3,0.013091,2,17,2,33
1,3,0.013253,2,17,2,33
1,3,0.013146,2,17,2,33
1,3,0.013118,2,17,2,33
1,3,0.013314,2,17,2,33
1,3,0.013089,2,17,2,33
1,3,0.013107,2,17,2,33
1,3,0.013242,2,17,2,33
1,3,0.01317,2,17,2,33
1,3,0.013175,2,17,2,33
1,3,0.01318,2,17,2,33
1,3,0.013191,2,17,2,33
1,3,0.013088,2,17,2,33
1,4,0.020037,2,21,2,43
1,4,0.019943,2,21,2,43
1,4,0.019991,2,21,2,43
1,4,0.019944,2,21,2,43
1,4,0.019913,2,21,2,43
1,4,0.0198,2,21,2,43
1,4,0.020007,2,21,2,43
1,4,0.019913,2,21,2,43
1,4,0.020171,2,21,2,43
1,4,0.019921,2,21,2,43
1,4,0.019914,2,21,2,43
1,4,0.019809,2,21,2,43
1,4,0.019941,2,21,2,43
1,4,0.019941,2,21,2,43
1,4,0.019973,2,21,2,43
1,4,0.01982,2,21,2,43
1,4,0.01993,2,21,2,43
1,4,0.019944,2,21,2,43
1,4,0.019939,2,21,2,43
1,4,0.019829,2,21,2,43
1,4,0.019954,2,21,2,43
1,4,0.019834,2,21,2,43
1,4,0.019934,2,21,2,43
1,4,0.019809,2,21,2,43
1,4,0.019937,2,21,2,43
1,4,0.01982,2,21,2,43
1,4,0.019964,2,21,2,43
1,4,0.020004,2,21,2,43
1,4,0.019943,2,21,2,43
1,4,0.0198,2,21,2,43
1,4,0.020021,2,21,2,43
1,4,0.019892,2,21,2,43
1,4,0.01998,2,21,2,43
1,4,0.019819,2,21,2,43
1,4,0.028269,2,21,2,43
1,4,0.019864,2,21,2,43
1,4,0.019761,2,21,2,43
1,4,0.01998,2,21,2,43
1,4,0.019813,2,21,2,43
1,4,0.019961,2,21,2,43
1,4,0.019811,2,21,2,43
1,4,0.01996,2,21,2,43
1,4,0.019812,2,21,2,43
1,4,0.019889,2,21,2,43
1,4,0.019874,2,21,2,43
1,4,0.019865,2,21,2,43
1,4,0.019764,2,21,2,43
1,4,0.019884,2,21,2,43
1,4,0.019781,2,21,2,43
1,4,0.019851,2,21,2,43
1,4,0.019799,2,21,2,43
1,4,0.020033,2,21,2,43
1,4,0.019857,2,21,2,43
1,4,0.020033,2,21,2,43
1,4,0.019863,2,21,2,43
1,4,0.020028,2,21,2,43
1,4,0.019941,2,21,2,43
1,4,0.020026,2,21,2,43
1,4,0.019849,2,21,2,43
1,4,0.019906,2,21,2,43
1,4,0.019782,2,21,2,43
1,4,0.019902,2,21,2,43
1,4,0.019705,2,21,2,43
1,4,0.019903,2,21,2,43
1,4,0.019818,2,21,2,43
1,4,0.019983,2,21,2,43
1,4,0.019774,2,21,2,43
1,4,0.019843,2,21,2,43
1,4,0.019881,2,21,2,43
1,4,0.019973,2,21,2,43
1,4,0.019761,2,21,2,43
1,4,0.019882,2,21,2,43
1,4,0.019886,2,21,2,43
1,4,0.020133,2,21,2,43
1,4,0.019871,2,21,2,43
1,4,0.019976,2,21,2,43
1,4,0.019711,2,21,2,43
1,4,0.019866,2,21,2,43
1,4,0.019841,2,21,2,43
1,4,0.019936,2,21,2,43
1,4,0.019802,2,21,2,43
1,4,0.020026,2,21,2,43
1,4,0.019867,2,21,2,43
1,4,0.01989,2,21,2,43
1,4,0.019761,2,21,2,43
1,4,0.019905,2,21,2,43
1,4,0.01979,2,21,2,43
1,4,0.019925,2,21,2,43
1,4,0.019794,2,21,2,43
1,4,0.01991,2,21,2,43
1,4,0.019823,2,21,2,43
1,4,0.019916,2,21,2,43
1,4,0.019972,2,21,2,43
1,4,0.019854,2,21,2,43
1,4,0.019749,2,21,2,43
1,4,0.019971,2,21,2,43
1,4,0.019888,2,21,2,43
1,4,0.019815,2,21,2,43
1,4,0.01976,2,21,2,43
1,4,0.019946,2,21,2,43
2,3,21.74067,16,2657,121,100962
2,3,21.743338,16,2657,121,100962
2,3,21.780493,16,2657,121,100962
2,3,21.756474,16,2657,121,100962
2,3,21.760713,16,2657,121,100962
2,3,21.855218,16,2657,121,100962
2,3,21.840068,16,2657,121,100962
2,3,21.778008,16,2657,121,100962
2,3,21.779389,16,2657,121,100962
2,3,21.784217,16,2657,121,100962
2,3,21.761612,16,2657,121,100962
2,3,21.758199,16,2657,121,100962
2,3,21.767472,16,2657,121,100962
2,3,21.774705,16,2657,121,100962
2,3,21.774963,16,2657,121,100962
2,3,21.751285,16,2657,121,100962
2,3,21.760536,16,2657,121,100962
2,3,21.781272,16,2657,121,100962
2,3,21.790598,16,2657,121,100962
2,3,21.76996,16,2657,121,100962
2,3,21.780543,16,2657,121,100962
2,3,21.785391,16,2657,121,100962
2,3,21.754241,16,2657,121,100962
2,3,21.773197,16,2657,121,100962
2,3,21.747935,16,2657,121,100962
2,3,21.771374,16,2657,121,100962
2,3,21.762754,16,2657,121,100962
2,3,21.77285,16,2657,121,100962
2,3,21.775281,16,2657,121,100962
2,3,21.774483,16,2657,121,100962
2,3,21.756114,16,2657,121,100962
2,3,21.77592,16,2657,121,100962
2,3,21.768415,16,2657,121,100962
2,3,21.773511,16,2657,121,100962
2,3,21.775334,16,2657,121,100962
2,3,21.771578,16,2657,121,100962
2,3,21.754096,16,2657,121,100962
2,3,21.76074,16,2657,121,100962
2,3,21.786189,16,2657,121,100962
2,3,21.774169,16,2657,121,100962
2,3,21.774214,16,2657,121,100962
2,3,21.771625,16,2657,121,100962
2,3,21.768317,16,2657,121,100962
2,3,21.777136,16,2657,121,100962
2,3,21.772149,16,2657,121,100962
2,3,21.775761,16,2657,121,100962
2,3,21.756565,16,2657,121,100962
2,3,21.764134,16,2657,121,100962
2,3,21.759772,16,2657,121,100962
2,3,21.812257,16,2657,121,100962
2,3,21.754092,16,2657,121,100962
2,3,21.761938,16,2657,121,100962
2,3,21.793849,16,2657,121,100962
2,3,21.774522,16,2657,121,100962
2,3,21.777264,16,2657,121,100962
2,3,21.766882,16,2657,121,100962
2,3,21.76641,16,2657,121,100962
2,3,21.773645,16,2657,121,100962
2,3,21.777772,16,2657,121,100962
2,3,21.764707,16,2657,121,100962
2,3,21.763934,16,2657,121,100962
2,3,21.761032,16,2657,121,100962
2,3,21.768765,16,2657,121,100962
2,3,21.765113,16,2657,121,100962
2,3,21.764665,16,2657,121,100962
2,3,21.806455,16,2657,121,100962
2,3,21.759206,16,2657,121,100962
2,3,21.764695,16,2657,121,100962
2,3,21.775398,16,2657,121,100962
2,3,21.764546,16,2657,121,100962
2,3,21.792703,16,2657,121,100962
2,3,21.7881,16,2657,121,100962
2,3,21.766604,16,2657,121,100962
2,3,21.76201,16,2657,121,100962
2,3,21.762908,16,2657,121,100962
2,3,21.775833,16,2657,121,100962
2,3,21.767941,16,2657,121,100962
2,3,21.771878,16,2657,121,100962
2,3,21.768887,16,2657,121,100962
2,3,21.773696,16,2657,121,100962
2,3,21.781231,16,2657,121,100962
2,3,21.775585,16,2657,121,100962
2,3,21.796354,16,2657,121,100962
2,3,21.76579,16,2657,121,100962
2,3,21.767141,16,2657,121,100962
2,3,21.77174,16,2657,121,100962
2,3,21.755312,16,2657,121,100962
2,3,21.773299,16,2657,121,100962
2,3,21.773267,16,2657,121,100962
2,3,21.76781,16,2657,121,100962
2,3,21.790606,16,2657,121,100962
2,3,21.781201,16,2657,121,100962
2,3,21.773931,16,2657,121,100962
2,3,21.767923,16,2657,121,100962
2,3,21.766829,16,2657,121,100962
2,3,21.759464,16,2657,121,100962
2,3,21.75944,16,2657,121,100962
2,3,21.773407,16,2657,121,100962
2,3,21.774077,16,2657,121,100962
2,3,21.749646,16,2657,121,100962
2,4,121.008061,18,6626,264,558010
2,4,121.070672,18,6626,264,558010
2,4,121.410281,18,6626,264,558010
2,4,120.773002,18,6626,264,558010
2,4,120.645556,18,6626,264,558010
2,4,120.843852,18,6626,264,558010
2,4,120.928277,18,6626,264,558010
2,4,120.93729,18,6626,264,558010
2,4,120.942266,18,6626,264,558010
2,4,120.89371,18,6626,264,558010
2,4,120.896864,18,6626,264,558010
2,4,120.888369,18,6626,264,558010
2,4,120.83948,18,6626,264,558010
2,4,120.90668,18,6626,264,558010
2,4,120.760064,18,6626,264,558010
2,4,120.860108,18,6626,264,558010
2,4,120.947499,18,6626,264,558010
2,4,120.776915,18,6626,264,558010
2,4,120.796719,18,6626,264,558010
2,4,120.868359,18,6626,264,558010
2,4,120.877267,18,6626,264,558010
2,4,120.940815,18,6626,264,558010
2,4,120.839985,18,6626,264,558010
2,4,120.869389,18,6626,264,558010
2,4,120.854253,18,6626,264,558010
2,4,120.790903,18,6626,264,558010
2,4,120.859166,18,6626,264,558010
2,4,120.72625,18,6626,264,558010
2,4,120.883647,18,6626,264,558010
2,4,120.706126,18,6626,264,558010
2,4,120.96257,18,6626,264,558010
2,4,121.037118,18,6626,264,558010
2,4,120.728453,18,6626,264,558010
2,4,120.874775,18,6626,264,558010
2,4,120.944934,18,6626,264,558010
2,4,120.998848,18,6626,264,558010
2,4,120.90364,18,6626,264,558010
2,4,120.794171,18,6626,264,558010
2,4,120.774965,18,6626,264,558010
2,4,120.704669,18,6626,264,558010
2,4,120.962234,18,6626,264,558010
2,4,121.037839,18,6626,264,558010
2,4,120.852362,18,6626,264,558010
2,4,120.719645,18,6626,264,558010
2,4,120.843221,18,6626,264,558010
2,4,120.826827,18,6626,264,558010
2,4,120.929559,18,6626,264,558010
2,4,120.852043,18,6626,264,558010
2,4,120.87264,18,6626,264,558010
2,4,120.907947,18,6626,264,558010
1,0,0.002394,2,5,2,4
1,0,0.002384,2,5,2,4
1,0,0.002308,2,5,2,4
1,0,0.002245,2,5,2,4
1,0,0.002292,2,5,2,4
1,0,0.00228,2,5,2,4
1,0,0.002241,2,5,2,4
1,0,0.002277,2,5,2,4
1,0,0.002286,2,5,2,4
1,0,0.002472,2,5,2,4
1,0,0.002248,2,5,2,4
1,0,0.002295,2,5,2,4
1,0,0.002238,2,5,2,4
1,0,0.002292,2,5,2,4
1,0,0.002316,2,5,2,4
1,0,0.002233,2,5,2,4
1,0,0.002279,2,5,2,4
1,0,0.002265,2,5,2,4
1,0,0.002441,2,5,2,4
1,0,0.002283,2,5,2,4
1,0,0.002368,2,5,2,4
1,0,0.002345,2,5,2,4
1,0,0.002391,2,5,2,4
1,0,0.002327,2,5,2,4
1,0,0.002304,2,5,2,4
1,0,0.00231,2,5,2,4
1,0,0.002283,2,5,2,4
1,0,0.002325,2,5,2,4
1,0,0.002305,2,5,2,4
1,0,0.002344,2,5,2,4
1,0,0.002275,2,5,2,4
1,0,0.002349,2,5,2,4
1,0,0.002274,2,5,2,4
1,0,0.002228,2,5,2,4
1,0,0.002362,2,5,2,4
1,0,0.002283,2,5,2,4
1,0,0.002287,2,5,2,4
1,0,0.002223,2,5,2,4
1,0,0.002269,2,5,2,4
1,0,0.002229,2,5,2,4
1,0,0.002322,2,5,2,4
1,0,0.002263,2,5,2,4
1,0,0.002225,2,5,2,4
1,0,0.002263,2,5,2,4
1,0,0.002224,2,5,2,4
1,0,0.00228,2,5,2,4
1,0,0.002233,2,5,2,4
1,0,0.002343,2,5,2,4
1,0,0.002309,2,5,2,4
1,0,0.002274,2,5,2,4
1,0,0.00229,2,5,2,4
1,0,0.002221,2,5,2,4
1,0,0.002269,2,5,2,4
1,0,0.002259,2,5,2,4
1,0,0.002267,2,5,2,4
1,0,0.002211,2,5,2,4
1,0,0.002285,2,5,2,4
1,0,0.002206,2,5,2,4
1,0,0.002278,2,5,2,4
1,0,0.002279,2,5,2,4
1,0,0.002336,2,5,2,4
1,0,0.002353,2,5,2,4
1,0,0.002223,2,5,2,4
1,0,0.010254,2,5,2,4
1,0,0.002428,2,5,2,4
1,0,0.002236,2,5,2,4
1,0,0.002275,2,5,2,4
1,0,0.002236,2,5,2,4
1,0,0.002299,2,5,2,4
1,0,0.002228,2,5,2,4
1,0,0.002389,2,5,2,4
1,0,0.002383,2,5,2,4
1,0,0.0023,2,5,2,4
1,0,0.002279,2,5,2,4
1,0,0.002242,2,5,2,4
1,0,0.002292,2,5,2,4
1,0,0.002252,2,5,2,4
1,0,0.002274,2,5,2,4
1,0,0.002226,2,5,2,4
1,0,0.002273,2,5,2,4
1,0,0.002221,2,5,2,4
1,0,0.002302,2,5,2,4
1,0,0.002276,2,5,2,4
1,0,0.002308,2,5,2,4
1,0,0.002392,2,5,2,4
1,0,0.002242,2,5,2,4
1,0,0.002287,2,5,2,4
1,0,0.002267,2,5,2,4
1,0,0.002305,2,5,2,4
1,0,0.002232,2,5,2,4
1,0,0.002279,2,5,2,4
1,0,0.002274,2,5,2,4
1,0,0.00224,2,5,2,4
1,0,0.002265,2,5,2,4
1,0,0.002254,2,5,2,4
1,0,0.002297,2,5,2,4
1,0,0.002378,2,5,2,4
1,0,0.002339,2,5,2,4
1,0,0.002231,2,5,2,4
1,0,0.002287,2,5,2,4
0,1,0.000198,1,1,1,0
0,1,0.000193,1,1,1,0
0,1,0.000194,1,1,1,0
0,1,0.000193,1,1,1,0
0,1,0.000188,1,1,1,0
0,1,0.000194,1,1,1,0
0,1,0.000192,1,1,1,0
0,1,0.000193,1,1,1,0
0,1,0.000193,1,1,1,0
0,1,0.000194,1,1,1,0
0,1,0.000191,1,1,1,0
0,1,0.000189,1,1,1,0
0,1,0.000196,1,1,1,0
0,1,0.000194,1,1,1,0
0,1,0.000193,1,1,1,0
0,1,0.000191,1,1,1,0
0,1,0.000193,1,1,1,0
0,1,0.000191,1,1,1,0
0,1,0.000189,1,1,1,0
0,1,0.000195,1,1,1,0
0,1,0.000192,1,1,1,0
0,1,0.000192,1,1,1,0
0,1,0.000192,1,1,1,0
0,1,0.000193,1,1,1,0
0,1,0.000192,1,1,1,0
0,1,0.000188,1,1,1,0
0,1,0.000193,1,1,1,0
0,1,0.000192,1,1,1,0
0,1,0.000192,1,1,1,0
0,1,0.000194,1,1,1,0
0,1,0.000191,1,1,1,0
0,1,0.000193,1,1,1,0
0,1,0.000189,1,1,1,0
0,1,0.000195,1,1,1,0
0,1,0.000191,1,1,1,0
0,1,0.000194,1,1,1,0
0,1,0.000192,1,1,1,0
0,1,0.000194,1,1,1,0
0,1,0.000194,1,1,1,0
0,1,0.000189,1,1,1,0
0,1,0.000193,1,1,1,0
0,1,0.000194,1,1,1,0
0,1,0.000204,1,1,1,0
0,1,0.000197,1,1,1,0
0,1,0.000192,1,1,1,0
0,1,0.000195,1,1,1,0
0,1,0.000189,1,1,1,0
0,1,0.000196,1,1,1,0
0,1,0.000191,1,1,1,0
0,1,0.00019,1,1,1,0
0,1,0.000199,1,1,1,0
0,1,0.000194,1,1,1,0
0,1,0.000195,1,1,1,0
0,1,0.000191,1,1,1,0
0,1,0.000197,1,1,1,0
0,1,0.00019,1,1,1,0
0,1,0.000194,1,1,1,0
0,1,0.000194,1,1,1,0
0,1,0.00019,1,1,1,0
0,1,0.000193,1,1,1,0
0,1,0.000187,1,1,1,0
0,1,0.000196,1,1,1,0
0,1,0.000192,1,1,1,0
0,1,0.000195,1,1,1,0
0,1,0.000193,1,1,1,0
0,1,0.000192,1,1,1,0
0,1,0.000194,1,1,1,0
0,1,0.000189,1,1,1,0
0,1,0.000193,1,1,1,0
0,1,0.000196,1,1,1,0
0,1,0.000193,1,1,1,0
0,1,0.000194,1,1,1,0
0,1,0.000188,1,1,1,0
0,1,0.000192,1,1,1,0
0,1,0.000189,1,1,1,0
0,1,0.000193,1,1,1,0
0,1,0.000191,1,1,1,0
0,1,0.000192,1,1,1,0
0,1,0.000192,1,1,1,0
0,1,0.000195,1,1,1,0
0,1,0.000191,1,1,1,0
0,1,0.00019,1,1,1,0
0,1,0.000192,1,1,1,0
0,1,0.000195,1,1,1,0
0,1,0.00019,1,1,1,0
0,1,0.000193,1,1,1,0
0,1,0.000191,1,1,1,0
0,1,0.000191,1,1,1,0
0,1,0.000188,1,1,1,0
0,1,0.000193,1,1,1,0
0,1,0.000192,1,1,1,0
0,1,0.000192,1,1,1,0
0,1,0.000191,1,1,1,0
0,1,0.000191,1,1,1,0
0,1,0.000192,1,1,1,0
0,1,0.000189,1,1,1,0
0,1,0.000191,1,1,1,0
0,1,0.000192,1,1,1,0
0,1,0.000191,1,1,1,0
0,1,0.000193,1,1,1,0
4,2,7832.563553,21,53529,1247,27296362
